Flip 7,21260,5818
Bomb Busters,11901,2291
Harmonies,10903,4232
Castle Combo,9395,3323
Ark Nova,9356,3605
Toy Battle,9030,1278
Sky Team,9027,2786
The Fellowship of the Ring: Trick-Taking Game,8860,1709
Forest Shuffle,7903,3002
Faraway,7815,2948
Marvel Champions: The Card Game,7456,1096
Sea Salt & Paper,6639,2543
Wingspan,6580,2901
Azul,6546,2935
Terraforming Mars,6022,2784
Trio,5956,1611
The White Castle,5603,2338
Spirit Island,5371,1592
Can't Stop,5011,1076
Magic: The Gathering,4963,641
Captain Flip,4678,1352
Heat: Pedal to the Metal,4647,2540
The Gang,4641,1550
7 Wonders Duel,4447,1562
Cascadia,4043,2414
SETI: Search for Extraterrestrial Intelligence,3839,2526
Carcassonne,3751,1568
Splendor,3723,1719
The Crew: Mission Deep Sea,3629,843
SCOUT,3499,1941
Lost Ruins of Arnak,3436,1933
Blood on the Clocktower,3303,893
Star Wars: Unlimited,3299,316
The Crew: The Quest for Planet Nine,3237,637
Race for the Galaxy,3179,659
The Castles of Burgundy,3093,1392
Cartographers,2996,1057
Patchwork,2956,1437
The Lord of the Rings: Duel for Middle-earth,2804,1617
Welcome to the Moon,2695,865
Space Base,2662,1120
Endeavor: Deep Sea,2661,1472
Arkham Horror: The Card Game,2594,779
Slay the Spire: The Board Game,2540,1037
Dominion,2537,803
Ticket to Ride,2518,1105
Codenames,2466,876
Dune: Imperium,2375,1267
Finished!,2339,87
Point Salad,2333,937
Disney Lorcana,2323,277
Agent Avenue,2298,650
Star Realms,2294,426
Earth,2250,1474
River Valley Glassworks,2248,975
Kingdomino,2220,1091
Frosthaven,2182,741
Chess,2153,462
Lost Cities,2123,867
Just One,2087,1293
Sagrada,2072,1152
It's a Wonderful World,2066,789
7 Wonders,2029,1053
Finspan,2025,1333
Let's Go! To Japan,2011,1047
The Guild of Merchant Explorers,2007,710
CATAN,2003,1049
Crokinole,2003,537
Fantasy Realms,1959,669
Everdell,1934,1302
Root,1921,1034
Take 5,1871,940
Quacks,1866,1347
Splendor Duel,1859,1076
That's Pretty Clever!,1858,826
Pixies,1842,886
Brass: Birmingham,1833,1272
Dorfromantik: The Board Game,1813,677
So Clover!,1755,795
HITSTER,1754,777
King of Tokyo,1745,816
Welcome To...,1745,875
7 Wonders: Architects,1693,710
Courtisans,1680,857
ito,1650,576
Dune: Imperium – Uprising,1646,1132
Solstis,1593,266
Knarr,1573,830
Scythe,1564,1022
Galactic Cruise,1557,1100
Planet Unknown,1540,978
Turing Machine,1526,381
UNO,1516,389
Daybreak,1514,631
Odin,1506,704
The Castles of Burgundy,1505,827
A Gentle Rain,1505,490
Gloomhaven,1501,485
Next Station: London,1480,605
Super Mega Lucky Box,1479,449
No Thanks!,1474,697
Ticket to Ride: Europe,1454,924
Spots,1452,755
Wondrous Creatures,1441,975
The Vale of Eternity,1439,957
Similo,1437,418
Skull King,1434,784
Civolution,1431,891
Obsession,1417,763
Fromage,1412,844
Lucky Numbers,1406,337
Jaipur,1397,884
Yahtzee,1374,417
Apiary,1373,907
Regicide,1364,473
The Castles of Burgundy: Special Edition,1361,922
Santorini,1352,450
Deep Regrets,1350,925
Hanabi,1349,530
Wyrmspan,1331,964
King of Tokyo: Duel,1303,430
Draftosaurus,1300,665
Ticket to Ride Legacy: Legends of the West,1289,596
Clank!: A Deck-Building Adventure,1285,653
Coffee Rush,1285,779
Arcs,1270,951
Gloomhaven: Jaws of the Lion,1264,491
Rummikub,1259,475
Love Letter,1249,705
Revive,1249,775
Qwixx,1237,550
365 Adventures: The Dungeon – 2025,1227,63
Cribbage,1198,337
Sushi Go!,1195,674
HUTAN: Life in the Rainforest,1191,345
Railroad Ink: Deep Blue Edition,1175,358
The Quest for El Dorado,1174,839
Pandemic,1170,643
CuBirds,1164,494
Aeon's End,1146,439
Grand Austria Hotel,1136,748
Zenith,1136,389
Viticulture Essential Edition,1133,836
Skyjo,1129,594
L.L.A.M.A.,1127,527
Verdant,1127,580
Strike,1126,300
Spicy,1122,448
Compile: Main 1,1118,587
Things in Rings,1113,443
The Lord of the Rings: Fate of the Fellowship,1108,569
Akropolis,1103,632
Pirates of Maracaibo,1099,656
Coup,1096,385
Potion Explosion,1090,545
My City,1089,267
Looot,1087,681
Marvel United,1086,364
Darwin's Journey,1073,692
Calico,1069,611
Cities,1069,755
Res Arcana,1068,576
Mountain Goats,1066,554
Clank!: Catacombs,1065,826
Codenames: Duet,1049,355
For Sale,1046,623
Arboretum,1032,609
Challengers!,1025,368
Dominion (Second Edition),1020,244
Draft & Write Records,1020,311
Spot it!,1013,421
Gizmos,1013,447
Stonespine Architects,1009,536
A Feast for Odin,1007,654
Distilled,1000,562
That's Not a Hat,994,490
Backgammon,987,193
Mindbug: First Contact,986,323
Bandido,975,279
Great Western Trail: El Paso,960,659
Barrage,955,563
Come Sail Away!,946,514
Project L,941,585
Fishing,940,691
Gaia Project,938,522
Unmatched Game System,936,198
Rebirth,934,664
Kingdom Legacy: Feudal Kingdom,927,264
Panda Spin,927,462
Dorfromantik: Sakura,926,289
Skull,921,536
Exploding Kittens,917,395
Sushi Go Party!,916,577
Final Girl,916,362
Sail,915,418
The Mind,903,448
Secret Hitler,899,360
Duck & Cover,891,463
Unpublished Prototype,883,247
Landmarks,873,311
Middle Ages,872,533
Incan Gold,868,522
Jungo,868,242
Orléans,867,682
Cthulhu: Death May Die,865,518
Fruit Fight,860,364
Too Many Bones,854,417
Azul Duel,853,565
Tower Up,849,548
Piraten Kapern,841,244
ISS Vanguard,834,331
Flamecraft,832,681
Love Letter,829,418
Android: Netrunner,828,136
Ra,827,667
Wandering Towers,825,569
The Isle of Cats,823,581
The Elder Scrolls: Betrayal of the Second Era,820,383
In the Footsteps of Darwin,816,463
The Lord of the Rings: The Card Game,809,159
PARKS,809,642
Memoir '44,805,282
Moon Colony Bloodbath,805,492
MLEM: Space Agency,801,592
Star Wars: The Deckbuilding Game,792,444
Arydia: The Paths We Dare Tread,790,274
Sprawlopolis,787,284
Nova Luna,786,422
Clank! Legacy 2: Acquisitions Incorporated – Darkest Magic,786,430
Keep the Heroes Out!,781,394
Grove: 9 card solitaire game,780,194
Unconscious Mind,773,601
The Hanging Gardens,770,287
Concordia,767,609
Architects of the West Kingdom,761,555
Five Tribes: The Djinns of Naqala,758,571
3 Chapters,758,355
Tiny Towns,757,562
River of Gold,756,505
Canvas,754,498
Great Western Trail: Second Edition,753,544
Hot Streak,752,374
KLASK,749,182
Pax Pamir: Second Edition,749,406
Hive,742,306
Arkham Horror: The Card Game (Revised Edition),742,230
boop.,740,306
Rebel Princess,729,518
Abandon All Artichokes,727,256
The Game,726,317
Life of the Amazonia,725,476
One Night Ultimate Werewolf,722,201
Andromeda's Edge,719,531
Azul: Summer Pavilion,718,480
Altered,714,115
Gloomhaven: Buttons & Bugs,713,258
Through the Ages: A New Story of Civilization,712,290
Terraforming Mars: Ares Expedition,711,524
Piña Coladice,710,301
Skara Brae,706,311
Hanamikoji,705,368
Tapestry,703,464
Bohnanza,702,564
Krakel Orakel,701,357
Meadow,700,521
Schotten Totten,696,290
Onitama,695,306
Hadrian's Wall,695,335
Pickomino,694,368
I AM DONE,694,207
Pokémon Trading Card Game,691,113
Hive Pocket,691,257
Innovation Ultimate,691,274
FLOWERS,689,189
Encore!,688,241
Cat in the Box: Deluxe Edition,687,516
Decrypto,685,435
Agricola (Revised Edition),684,389
Corps of Discovery: A Game Set in the World of Manifest Destiny,684,258
Deep Sea Adventure,679,451
Harry Potter: Hogwarts Battle,678,263
Symbiose,678,211
Cahoots,674,248
Critter Kitchen,672,546
Camel Up (Second Edition),668,425
Rats of Wistar,665,452
Agricola,664,462
Lords of Waterdeep,664,550
Perudo,660,326
Kingdom Builder,655,314
Star Realms: Frontiers,654,118
The Lord of the Rings: The Card Game – Revised Core Set,653,153
Survive The Island,647,437
Innovation,640,329
Oathsworn: Into the Deepwood,640,309
Shackleton Base: A Journey to the Moon,633,423
Rumble Nation,632,309
Santorini: Pantheon Edition,632,155
Guards of Atlantis II,631,295
Pandemic Legacy: Season 1,628,257
Underwater Cities,627,494
High Society,626,380
Bärenpark,626,365
For Northwood! A Solo Trick-Taking Game,626,293
Age of Steam,624,385
Paleo,623,325
Coloretto,621,324
Stone Age,619,484
Targi,617,430
The Anarchy,616,259
Skip-Bo,614,234
Pagan: Fate of Roanoke,613,277
Star Trek: Captain's Chair,610,216
The Lord of the Rings: Journeys in Middle-Earth,605,214
Thunder Road: Vendetta,605,467
Sausage Sizzle!,604,264
Ready Set Bet,602,403
Orapa Mine,601,237
Jump Drive,598,145
War Chest,596,255
Age of Innovation,595,414
Cabanga!,595,369
Nemesis,593,463
Hitster Bingo,593,226
Arkham Horror: Lovecraft Letter,593,306
Friday,592,197
Hero Realms,590,213
Cryptid,590,319
DroPolter,589,367
Tzolk'in: The Mayan Calendar,588,413
Bonsai,587,346
Dixit,585,439
Qwirkle,579,365
Bunny Kingdom,579,388
Conservas,576,219
Dédale,576,146
Alhambra,574,380
Roll for the Galaxy,572,337
Radlands,570,344
Legendary: A Marvel Deck Building Game,568,174
Orchard: 9 card solitaire game,566,133
Ark Nova: Marine Worlds,566,282
Port Royal,564,293
Unstoppable,562,194
Takenoko,560,438
7 Wonders (Second Edition),555,284
Cockroach Poker,549,312
Century: Spice Road,549,404
Under Falling Skies,548,230
Beyond the Sun,548,411
My Island,548,150
Next Station: Paris,546,254
MANTIS,542,239
Men-Nefer,542,340
Martian Dice,541,145
Terrorscape,541,233
After the Virus,539,98
Pergola,539,385
Cyclades: Legendary Edition,538,461
Flesh and Blood,537,45
Magic Maze,536,207
Dragon Eclipse,535,154
Galileo Galilei,533,429
Twice as Clever!,532,291
Kelp: Shark vs Octopus,532,331
Kluster,530,208
Dice Throne,529,189
Cross Clues,529,212
Voidfall,528,278
Taco Cat Goat Cheese Pizza,527,313
MicroMacro: Crime City,527,194
Great Western Trail,525,405
Wizard,524,260
Trailblazers,521,201
MESOS,521,337
Blood Rage,517,429
Kronologic: Paris 1920,512,249
Spectacular,511,340
The Taverns of Tiefenthal,508,413
Werewords,506,130
Phantom Ink,498,182
The Search for Planet X,497,318
Scrabble,495,219
Fliptown,495,264
Tsuro,493,300
Wavelength,493,325
Terraforming Mars: The Dice Game,493,336
Undaunted: Normandy,492,207
Forage: A 9 card solitaire game,490,117
Lure,490,302
The Red Cathedral,488,378
Anachrony,486,365
Azul: Master Chocolatier,486,212
My Shelfie: The Dice Game,486,192
Next Station: Tokyo,485,231
Colt Express,483,363
World Wonders,483,380
Mansions of Madness: Second Edition,482,357
Tinderblox,482,192
Sequence,480,182
Red7,480,242
Codenames: Pictures,479,190
Mistborn: The Deckbuilding Game,478,311
Nucleum,477,373
Power Grid,472,403
Virus!,472,157
YRO,471,177
Telestrations,469,259
Dice Forge,468,322
Eclipse: Second Dawn for the Galaxy,468,360
Pandemic Legacy: Season 0,468,205
Azul: Queen's Garden,468,275
Barbecubes,468,247
Kites,467,196
Yokai Pagoda,466,180
Zombicide: White Death,465,191
Robinson Crusoe: Adventures on the Cursed Island,464,259
Dead Cells: The Rogue-Lite Board Game,464,127
Slide,463,257
El Grande,461,399
Tichu,461,235
Prey Another Day,461,276
Wingspan Asia,461,249
Fate: Defenders of Grimheim,460,203
Port Royal: Big Box,458,223
Wonderland's War,456,379
Smart10,455,244
Seaside,455,236
Caverna: The Cave Farmers,454,326
Point City,454,321
Lorenzo il Magnifico,453,294
Legacy of Yu,453,161
Creature Caravan,453,333
Codex Naturalis,452,262
Shards of Infinity,451,109
Hegemony: Lead Your Class to Victory,451,378
Windmill Valley,449,364
Shifting Stones,447,175
Dracula vs Van Helsing,447,263
Tranquility,446,183
Forbidden Island,444,294
Startups,443,246
Outside the Scope of BGG,442,68
Machi Koro,441,282
Explorers of Navoria,439,327
Teotihuacan: City of Gods,436,333
Inside Job,431,152
Deception: Murder in Hong Kong,428,196
Nidavellir,428,310
Ptit Pois,428,135
Sleeping Gods,427,211
Maracaibo,427,287
Flamme Rouge,426,243
Marvel: Remix,426,167
Panda Royale,425,213
Inis,424,333
Mysterium,424,310
Century: Golem Edition,423,314
Food Chain Island,423,138
Monopoly Deal Card Game,422,137
Black Forest,422,355
Clank! Legacy: Acquisitions Incorporated,421,231
Botanicus,421,274
Hearts,420,85
5-Minute Dungeon,419,137
Twilight Imperium: Fourth Edition,416,356
My City: Roll & Build,416,148
Tokaido,414,309
Unmatched: Battle of Legends Volume One,414,180
Framework,413,161
The Resistance: Avalon,412,172
Roll Player,412,274
Paladins of the West Kingdom,412,330
Imperium: Classics,411,206
Las Vegas,410,301
Diced Veggies,410,290
Eldritch Horror,409,253
Feed the Kraken,409,282
Beer & Bread,409,317
Stupor Mundi,406,267
UNO Flip!,405,159
Saboteur,404,262
The Fox in the Forest,403,251
Air Land & Sea,403,234
Expeditions,403,306
Roll to the Top: Journeys,402,155
Trails of Tucana,401,212
Great Western Trail: New Zealand,401,333
Twilight Struggle,400,210
Terra Mystica,400,259
Zombie Kidz Evolution,400,138
Sleeping Queens,398,141
Aquatica,398,301
Splendor: Marvel,398,238
Everdell Duo,397,258
Small World,396,294
Skulls of Sedlec,396,169
Perfect Words,396,191
Beacon Patrol,394,234
Monkey Palace,394,319
Raiders of the North Sea,391,308
Tempel des Schreckens,391,146
Star Wars: Rebellion,389,291
Palm Island,387,133
Mists over Carcassonne,387,127
Lovecraft Letter,386,161
Le Havre,385,233
Molly House,385,285
Aeon Trespass: Odyssey,384,98
Dragomino,384,184
Yokohama,382,305
Zombicide: 2nd Edition,381,158
Living Forest,381,257
Puerto Rico,380,301
Carnegie,380,322
Istanbul,378,306
Hues and Cues,378,312
Quarto,375,117
Dominoes,375,91
Mandala,374,167
Connect Four,373,103
Eternal Decks,372,173
BANG! The Dice Game,370,211
Agemonia,370,115
Pax Renaissance: 2nd Edition,370,125
Praga Caput Regni,370,246
Nekojima,370,195
Blokus,368,204
Bullet♥︎,368,139
Dice Miner,367,179
Jekyll & Hyde vs Scotland Yard,367,93
Art Society,367,302
Bananagrams,365,153
Downforce,364,234
Star Wars: Outer Rim,364,300
Clever 4Ever,364,187
Parks (Second Edition),364,254
HITSTER: Guilty Pleasures,363,176
Seas of Strife,362,249
Long Shot: The Dice Game,362,290
Kinfire Chronicles: Night's Fall,361,99
Zoo Vadis,361,277
Monopoly Knockout,361,143
Food Chain Magnate,358,270
Nanatoridori,358,115
NMBR 9,357,132
Pandemic Legacy: Season 2,354,134
Euchre,353,86
War of the Ring: Second Edition,353,246
Terraforming Mars: Prelude,353,186
Eila and Something Shiny,351,93
Iliad,351,209
Wilmot's Warehouse,351,255
Clans of Caledonia,349,266
The Mandalorian: Adventures,349,163
Leaders,349,115
The Dark Quarter,348,165
Ahoy,345,279
Medical Mysteries: NYC Emergency Room,343,166
Flatiron,342,247
Carcassonne Big Box 6,341,112
Unmatched Adventures: Tales to Amaze,341,200
Onirim (Second Edition),339,100
Furnace,339,282
The Crew: Family Adventure,339,61
Rebel Princess: Deluxe Edition,339,234
HIT! Extreme,339,131
Cubitos,338,254
Ezra and Nehemiah,338,241
Rock Hard: 1977,338,295
Five Crowns,336,202
Trekking Through History,336,257
BANG!,333,154
Brilliant,333,93
Ohanami,332,159
Star Realms: Rise of Empire,332,80
Café,330,185
Anno 1800: The Board Game,329,229
Tacta,329,214
Endeavor: Deep Sea Deluxe Edition,329,188
Star Wars: Imperial Assault,328,157
Silver & Gold,328,211
20 Strong,327,126
Hyperstar Run,327,105
Etherfields,326,100
Hansa Teutonica: Big Box,326,275
Clever Cubed,326,159
Marrakesh,326,273
51st State: Master Set,325,201
Aeon's End: War Eternal,325,99
Mythwind,325,118
Through the Desert,324,246
Top Ten,324,209
New York Zoo,323,257
Cosmoctopus,323,149
Décorum,322,138
스플렌더: Pokémon (Splendor: Pokémon),321,166
Isle of Skye: From Chieftain to King,320,272
Mycelia,320,240
Kingdom Death: Monster,319,101
Fuji Flush,318,141
Loopin' Louie,316,70
Happy Salmon,316,94
My Shelfie,316,166
Cursed!?,316,46
Rolling Realms,315,172
The Voyages of Marco Polo,314,235
Fantastic Factories,312,212
Earthborne Rangers,312,140
Foxy,310,150
Castles of Mad King Ludwig,309,233
Here to Slay,309,160
MicroMacro: Crime City – Full House,309,110
Zombie Dice,308,170
Camel Up,308,232
Wingspan: Oceania Expansion,307,154
Forest Shuffle: Alpine,307,164
Ascension: Deckbuilding Game,306,77
Dead Man's Draw,305,111
Kutná Hora: The City of Silver,305,241
UNO: Show 'Em No Mercy,305,155
Bus,304,267
Rajas of the Ganges,304,272
Tainted Grail: The Fall of Avalon,304,118
Kabuto Sumo,304,164
Numbsters,303,96
PUSH,302,170
Agropolis,302,85
Viscounts of the West Kingdom,301,233
Wayfarers of the South Tigris,301,216
Horrified,300,213
Honey Buzz,300,243
Jamaica,299,247
Sniper Elite: The Board Game,299,175
Whispering Woods,299,138
On Mars,298,237
Mojo,298,88
A Fake Artist Goes to New York,297,134
Kanban EV,297,252
Fairy Ring,297,213
Survive: Escape from Atlantis!,296,220
Ultimate Railroads,296,198
Camarades,296,121
Quoridor,294,112
Break the Code,293,80
Tidal Blades 2: Rise of the Unfolders,292,109
Metal Gear Solid: The Board Game,292,72
Mille Fiori,292,232
Evergreen,292,171
Concept,291,164
Burgle Bros.,290,143
Harvest,289,123
Libertalia: Winds of Galecrest,288,250
Inferno,288,245
Go,287,86
Citadels,287,234
Dune: War for Arrakis,286,184
Disney Villainous: The Worst Takes it All,285,183
Primal: The Awakening,285,120
Panda Panda,285,159
Kariba,284,128
Botanik,284,135
Flash Point: Fire Rescue,282,187
Caper: Europe,281,154
Tiny Epic Galaxies,280,172
Scholars of the South Tigris,280,173
Hey That's My Fish!,279,169
Marvel United: Multiverse,279,62
Brass: Lancashire,278,227
Skyrise,278,247
Mahjong,277,81
Rummy,277,84
Summoner Wars (Second Edition),277,109
Karak,276,178
Istanbul: Big Box,276,155
Mind MGMT: The Psychic Espionage “Game.”,276,149
Cartographers Heroes,276,151
Ingenious,275,176
Mino Dice,275,173
Descent: Legends of the Dark,275,132
Happy Mochi,275,161
Modern Art,274,239
Outfoxed!,274,155
Ghost Blitz,272,152
Three Sisters,272,167
Vegetable Stock,271,158
Carcassonne Big Box 7,271,92
Spirit Island: Branch & Claw,270,61
Clank! In! Space!: A Deck-Building Adventure,270,210
The 7th Citadel,270,105
The Witcher: Old World,270,219
Fit to Print,270,193
Forest Shuffle: Woodland Edge,269,161
House of Fado,268,229
Kauri,268,201
Galaxy Trucker (Second Edition),267,158
Fateforge: Chronicles of Kaan,267,107
Riichi Mahjong,265,45
Seasons,265,172
Karuba,264,159
Caesar!: Seize Rome in 20 Minutes!,264,128
Troyes,263,210
Sagani,263,137
Beyond the Horizon,263,203
MicroMacro: Kids – Crazy City Park,263,79
Abyss,262,217
Jekyll vs. Hyde,262,139
The Resistance,261,104
Bridge,260,25
Azul: Stained Glass of Sintra,260,174
Dwellings of Eldervale,260,205
Star Wars: The Deckbuilding Game – Clone Wars Edition,260,148
Tussie Mussie,259,161
System Gateway (fan expansion for Android: Netrunner),259,42
How to Save a World,258,162
Chakra,257,150
Four Gardens,257,140
For a Crown,257,193
Rival Cities,257,165
Coconuts,256,86
Street Masters,256,92
Wingspan: European Expansion,256,132
FUSE Countdown,256,74
5 Towers,256,206
Massive Darkness 2: Hellscape,255,143
Marvel Dice Throne Missions,255,111
Can't Stop Express,254,83
Cosmic Encounter,253,185
Maskmen,253,175
Stomp the Plank,253,99
Cascadia: Rolling Rivers,253,185
Rhino Hero,252,141
Mage Knight Board Game,252,95
Dutch Blitz,252,123
Claim,252,113
Dungeon Mayhem,252,106
HITSTER: Summer Party,252,126
Poker,251,140
Captain Sonar,251,149
Black Sonata,251,114
Shipwrights of the North Sea: Redux,251,131
The Architects of Amytis,251,132
HeroQuest,250,97
Tigris & Euphrates,249,189
Labyrinth,249,182
Thurn and Taxis,249,160
One Deck Dungeon,249,116
Nimalia,249,177
Railroad Ink: Blazing Red Edition,248,110
Spirit Island: Jagged Earth,247,53
Thunder Road: Vendetta – Maximum Chrome,246,194
Piles!,246,88
Foundations of Metropolis,246,211
Akropolis: Athena,246,22
Marvel Zombies: A Zombicide Game,245,98
Guess Who?,244,64
Mexican Train,244,91
Chu Han,244,129
Bag of Chips,244,113
Lacuna,244,147
Watergate,243,178
District Noir,242,100
Intarsia,242,181
6 nimmt! 25 Jahre,241,141
Penguin Party,240,159
Rat-a-Tat Cat,239,110
Hadara,239,193
Zombie Teenz Evolution,239,73
A Gest of Robin Hood,238,151
Star Wars: Jabba's Palace – A Love Letter Game,238,146
Harvest,238,148
Flash Point: Legacy of Flame,238,95
Ginkgopolis,237,141
Floriferous,235,131
Foundations of Rome,234,205
Imperium: Horizons,234,94
Barcelona,234,195
Café Baras,234,155
Rainbow,234,120
Kalah,233,97
Carpe Diem,233,176
Sankoré: The Pride of Mansa Musa,233,117
Mindbug: Battlefruit Kingdom,233,45
Strat-O-Matic Baseball,232,10
Bitoku,232,200
War of the Ring: The Card Game,232,154
Mycelia,232,184
My Favourite Things,231,168
Herbaceous,231,90
Mage Knight: Ultimate Edition,231,125
DONUTS,231,66
Skytear Horde,231,61
Tumblin' Dice,230,91
Qwinto,230,106
Garden Rush,230,140
HITSTER: Movies & TV Soundtracks,230,136
Ethnos,229,185
QE,229,193
The King's Dilemma,228,108
Railroad Ink Challenge: Lush Green Edition,228,116
Santorini: Riddle of the Sphinx,228,72
Everdell Farshore,228,180
Nemesis: Lockdown,227,172
Ancient Knowledge,227,134
Nusfjord,226,130
After Us,226,158
Daitoshi,226,168
Carcassonne: 20th Anniversary Edition,225,121
Australis,225,185
Keyflower,223,187
Digit Code,223,109
Linko,222,112
Mechs vs. Minions,222,109
The Shipwreck Arcana,222,113
Unstable Unicorns,222,110
Return to Dark Tower,222,166
Red Rising,222,153
Yummy Yummy Monster Tummy,222,50
Fluxx,221,98
Citadels,221,191
Battle Line,221,107
Cheating Moth,221,99
Bravo!,221,113
Fort,221,163
Biblios,220,151
Cat Lady,220,126
ROVE: Results-Oriented Versatile Explorer,220,107
Stupor Mundi: Master Print Edition,220,136
Galaxy Trucker,219,169
Creature Comforts,219,166
Schadenfreude,219,150
The Witcher: Path Of Destiny,219,125
Kinfire Delve: Callous' Lab,219,117
Munchkin,218,127
Pan Am,218,203
Fun Facts,218,159
The Werewolves of Miller's Hollow,217,75
My First Carcassonne,217,115
Hansa Teutonica,217,196
This War of Mine: The Board Game,217,122
Tyrants of the Underdark,217,170
Star Wars: The Clone Wars,217,143
Surfosaurus MAX,217,127
First Orchard,216,73
Onirim,216,20
Trickerion: Legends of Illusion,216,181
Ichor,216,127
Virus! Marvel,216,37
Ticket to Ride: London,215,157
Unsettled,215,135
Tyrants of the Underdark: Board Game,215,175
Jenga,214,98
Dune: Imperium – Rise of Ix,214,112
Naturopolis,214,58
Cthulhu: Death May Die – Fear of the Unknown,214,135
AQUA: Biodiversity in the Oceans,214,115
Yokai Septet,213,116
Acquire,212,185
Dead of Winter: A Crossroads Game,212,166
Werewords Deluxe Edition,212,50
Orbito,212,52
Kinfire Delve: Vainglory's Grotto,212,151
Neuroshima Hex,211,80
Vijayanagara: The Deccan Empires of Medieval India 1290-1398,211,76
Saltfjord,211,168
Fields of Arle,210,151
The Adventures of Robin Hood,210,113
Path of Civilization,210,122
Super,210,114
Paperback,209,72
Awkward Guests: The Walton Case,209,162
Mystic Vale,209,141
Merv: The Heart of the Silk Road,209,84
Doomlings,209,123
Witchcraft!,209,102
Stamp Swap,209,163
The Chameleon,208,120
Perch,208,189
Bloomchasers: A Delightful 3D Tree Game of Flowers and Wits,208,139
Cacao,207,154
Dice Hospital,207,136
Villagers,207,137
Comic Hunters,207,169
Tiletum,207,175
In the Footsteps of Marie Curie,207,166
SET,206,110
The Gallerist,206,175
52 Realms: Adventures,206,75
FUSE,205,82
Celestia,205,142
The Bloody Inn,205,145
Aeon's End: The New Age,205,68
Horizons of Spirit Island,205,87
Federation,204,137
Heroes of Might and Magic III: The Board Game,204,108
Welcome To...: Collector's Edition,203,94
A Nice Cuppa,203,92
Ratjack,203,132
The LOOP,202,128
Tranquility: The Ascent,202,75
Imhotep,201,161
Marvel United: X-Men,201,101
Great Western Trail: Argentina,201,170
Sagrada Artisans,201,105
Marrakech,199,124
Dominion: Intrigue,199,69
Lisboa,199,167
Vaalbara,199,124
Star Realms: Colony Wars,198,51
Warp's Edge,198,102
Herd Mentality,198,136
Unmatched: Battle of Legends Volume Two,198,72
Butterfly Garden,197,130
Glass Road,197,119
Destinies,197,125
Tic Tac Trek,197,109
Suburbia,196,141
Mini Rogue,196,78
Everdell: The Complete Collection,196,122
One Piece Card Game,196,27
Monopoly Deal,195,66
Lost Cities: Roll & Write,194,93
Sentinels of the Multiverse: Definitive Edition,194,100
Viking See-Saw,194,106
Evenfall,194,163
Little Alchemists,194,75
Crafting the Cosmos,194,125
Cabo,193,112
La Granja,193,138
Champions of Midgard,193,159
King of the Dice,193,122
51st State: Ultimate Edition,193,104
Concordia Venus,192,161
Applejack,192,100
Sea Salt & Paper: Extra Salt,192,113
Mundo Abierto: Elria,192,39
YINSH,191,101
Raiders of Scythia,191,137
The Border,191,40
Sabika,191,80
Bingo,190,16
Trajan,190,163
Las Vegas Royale,190,130
Dog Park,190,131
The Light in the Mist,190,67
Phase 10,189,153
Trickerion: Collector's Edition,189,136
Ticket to Ride: Europe – 15th Anniversary,189,134
Ubongo,188,87
Ukiyo,188,19
The King Is Dead: Second Edition,188,139
Tiny Epic Dungeons,188,112
Inventions: Evolution of Ideas,188,151
Ticket to Ride: USA 1910,187,47
Oh My Goods!,187,113
Luxor,187,146
Stars of Akarios,187,42
Letter Jam,187,141
Lacrimosa,187,163
Woodcraft,187,149
Rising Sun,186,143
Stuffed Fables,186,80
Altay: Dawn of Civilization,186,148
Welcome to Everdell,186,117
SpellBook,186,112
Match!,186,114
Heat: Heavy Rain,186,79
Circus Flohcati,185,106
Skat,185,34
Tales from the Red Dragon Inn,185,68
Ligretto,184,76
Betrayal at House on the Hill,184,147
IKI,184,162
Newton,184,132
Paris: La Cité de la Lumière,184,126
Stationfall,184,153
TEN,184,112
Diatoms,184,100
Monikers,183,138
Conspiracy: Abyss Universe,183,99
Unmatched: Cobble & Fog,183,111
Poetry for Neanderthals,183,133
Ethnos: 2nd Edition,183,121
Green Team Wins,182,139
Oath,181,134
Trek 12: Himalaya,181,77
Tea Garden,181,135
Lewis & Clark: The Expedition,180,134
Imperial Settlers,179,110
Illusion,179,124
CABO (Second Edition),179,110
Sounds Fishy,179,140
Ironwood,179,134
Tribes of the Wind,178,153
Deduckto,178,72
PitchCar,177,90
Arkham Horror (Third Edition),177,132
The Isofarian Guard,177,65
Parade,176,135
Viticulture,176,163
